[
    {
        "id": 2,
        "nombre": "Buenos Aires",
        "api": "https://panalsoft.com/precios-justos/api/v1/buenos-aires.json"
    },
    {
        "id": 3,
        "nombre": "CABA",
        "api": "https://panalsoft.com/precios-justos/api/v1/caba.json"
    },
    {
        "id": 4,
        "nombre": "Catamarca",
        "api": "https://panalsoft.com/precios-justos/api/v1/catamarca.json"
    },
    {
        "id": 5,
        "nombre": "Chaco",
        "api": "https://panalsoft.com/precios-justos/api/v1/chaco.json"
    },
    {
        "id": 6,
        "nombre": "Chubut",
        "api": "https://panalsoft.com/precios-justos/api/v1/chubut.json"
    },
    {
        "id": 7,
        "nombre": "Córdoba",
        "api": "https://panalsoft.com/precios-justos/api/v1/cordoba.json"
    },
    {
        "id": 8,
        "nombre": "Corrientes",
        "api": "https://panalsoft.com/precios-justos/api/v1/corrientes.json"
    },
    {
        "id": 9,
        "nombre": "Entre Ríos",
        "api": "https://panalsoft.com/precios-justos/api/v1/entre-rios.json"
    },
    {
        "id": 10,
        "nombre": "Formosa",
        "api": "https://panalsoft.com/precios-justos/api/v1/formosa.json"
    },
    {
        "id": 11,
        "nombre": "Jujuy",
        "api": "https://panalsoft.com/precios-justos/api/v1/jujuy.json"
    },
    {
        "id": 12,
        "nombre": "La Pampa",
        "api": "https://panalsoft.com/precios-justos/api/v1/la-pampa.json"
    },
    {
        "id": 13,
        "nombre": "La Rioja",
        "api": "https://panalsoft.com/precios-justos/api/v1/la-rioja.json"
    },
    {
        "id": 14,
        "nombre": "Mendoza",
        "api": "https://panalsoft.com/precios-justos/api/v1/mendoza.json"
    },
    {
        "id": 15,
        "nombre": "Misiones",
        "api": "https://panalsoft.com/precios-justos/api/v1/misiones.json"
    },
    {
        "id": 16,
        "nombre": "Neuquén",
        "api": "https://panalsoft.com/precios-justos/api/v1/neuquen.json"
    },
    {
        "id": 17,
        "nombre": "Río Negro",
        "api": "https://panalsoft.com/precios-justos/api/v1/rio-negro.json"
    },
    {
        "id": 18,
        "nombre": "Salta",
        "api": "https://panalsoft.com/precios-justos/api/v1/salta.json"
    },
    {
        "id": 19,
        "nombre": "San Juan",
        "api": "https://panalsoft.com/precios-justos/api/v1/san-juan.json"
    },
    {
        "id": 20,
        "nombre": "San Luis",
        "api": "https://panalsoft.com/precios-justos/api/v1/san-luis.json"
    },
    {
        "id": 21,
        "nombre": "Santa Cruz",
        "api": "https://panalsoft.com/precios-justos/api/v1/santa-cruz.json"
    },
    {
        "id": 22,
        "nombre": "Santa Fe",
        "api": "https://panalsoft.com/precios-justos/api/v1/santa-fe.json"
    },
    {
        "id": 23,
        "nombre": "Santiago del Estero",
        "api": "https://panalsoft.com/precios-justos/api/v1/santiago-del-estero.json"
    },
    {
        "id": 24,
        "nombre": "Tierra del Fuego",
        "api": "https://panalsoft.com/precios-justos/api/v1/tierra-del-fuego.json"
    },
    {
        "id": 25,
        "nombre": "Tucumán",
        "api": "https://panalsoft.com/precios-justos/api/v1/tucuman.json"
    }
]
